<?xml version="1.0" encoding="UTF-8"?>
<project-private xmlns="http://www.netbeans.org/ns/project-private/1">
    <editor-bookmarks xmlns="http://www.netbeans.org/ns/editor-bookmarks/2" lastBookmarkId="0"/>
    <open-files xmlns="http://www.netbeans.org/ns/projectui-open-files/2">
        <group>
            <file>file:/C:/Users/PC1/Desktop/PROYECTO/src/ec/edu/espe/Proyect/view/FrmProyect.java</file>
            <file>file:/C:/Users/PC1/Desktop/PROYECTO/src/ec/edu/espe/Proyect/controller/operacionesController.java</file>
            <file>file:/C:/Users/PC1/Desktop/PROYECTO/src/ec/edu/espe/Proyect/view/FrmCalculate.java</file>
            <file>file:/C:/Users/PC1/Desktop/PROYECTO/src/proyecto/PROYECTO.java</file>
        </group>
    </open-files>
</project-private>
